cage	row	columnIdx	sort_order
A1	A	1	1
A2	A	2	2
A3	A	3	3
A4	A	4	4
A5	A	5	5
A6	A	6	6
A7	A	7	7
A8	A	8	8
A9	A	9	9
A10	A	10	10
A11	A	11	11
A12	A	12	12
A13	A	13	13
A14	A	14	14
A15	A	15	15
A16	A	16	16
A17	A	17	17
A18	A	18	18
B1	B	1	19
B2	B	2	20
B3	B	3	21
B4	B	4	22
B5	B	5	23
B6	B	6	24
B7	B	7	25
B8	B	8	26
B9	B	9	27
B10	B	10	28
B11	B	11	29
B12	B	12	30
B13	B	13	31
B14	B	14	32
B15	B	15	33
B16	B	16	34
C1	C	1	35
C2	C	2	36
C3	C	3	37
C4	C	4	38
C5	C	5	39
C6	C	6	40
C7	C	7	41
C8	C	8	42
C9	C	9	43
C10	C	10	44
C11	C	11	45
C12	C	12	46
C13	C	13	47
C14	C	14	48
C15	C	15	49
C16	C	16	50
C17	C	17	51
C18	C	18	52
D1	D	1	53
D2	D	2	54
D3	D	3	55
D4	D	4	56
D5	D	5	57
D6	D	6	58
D7	D	7	59
D8	D	8	60
D9	D	9	61
D10	D	10	62
D11	D	11	63
D12	D	12	64
D13	D	13	65
D14	D	14	66
D15	D	15	67
D16	D	16	68
E1	E	1	69
E2	E	2	70
E3	E	3	71
E4	E	4	72
E5	E	5	73
E6	E	6	74
E7	E	7	75
E8	E	8	76
E9	E	9	77
E10	E	10	78
E11	E	11	79
E12	E	12	80
E13	E	13	81
E14	E	14	82
F1	F	1	83
F2	F	2	84
F3	F	3	85
F4	F	4	86
F5	F	5	87
F6	F	6	88
F7	F	7	89
F8	F	8	90
F9	F	9	91
F10	F	10	92
F11	F	11	93
F12	F	12	94
F13	F	13	95
F14	F	14	96
G1	G	1	97
G2	G	2	98
G3	G	3	99
G4	G	4	100
G5	G	5	101
G6	G	6	102
G7	G	7	103
G8	G	8	104
G9	G	9	105
G10	G	10	106
G11	G	11	107
H1	H	1	108
H2	H	2	109
H3	H	3	110
H4	H	4	111
H5	H	5	112
H6	H	6	113
H7	H	7	114
H8	H	8	115
H9	H	9	116
H10	H	10	117
I1	I	1	118
I2	I	2	119
I3	I	3	120
I4	I	4	121
I5	I	5	122
I6	I	6	123
I7	I	7	124
I8	I	8	125
I9	I	9	126
I10	I	10	127
M1	M	1	128
M2	M	2	129
M3	M	3	130
M4	M	4	131
M5	M	5	132
M6	M	6	133
M7	M	7	134
M8	M	8	135
M9	M	9	136
N1	N	1	137
N2	N	2	138
N3	N	3	139
N4	N	4	140
N5	N	5	141
N6	N	6	142
N7	N	7	143
N8	N	8	144
N9	N	9	145
S1	S	1	146
S2	S	1	147
S3	S	1	148
S4	S	1	149
